<TextFileConfiguration>
	<FilePath>not used</FilePath>
	<Delimiters>,</Delimiters>
	<DescriptionClassName>es.ucm.fdi.ici.c2324.practica3.grupo01.mspacman.MsPacManDescription</DescriptionClassName>
	<DescriptionMappings>
		<Map>id</Map>
		<Map>lives</Map>
		<Map>time</Map>
		<Map>score</Map>
		<Map>upVector</Map>		
		<Map>downVector</Map>		
		<Map>leftVector</Map>		
		<Map>rightVector</Map>		
	</DescriptionMappings>
	<SolutionClassName>es.ucm.fdi.ici.c2324.practica3.grupo01.mspacman.MsPacManSolution</SolutionClassName>
	<SolutionMappings>
		<Map>id</Map>
		<Map>action</Map>
	</SolutionMappings>
	<ResultClassName>es.ucm.fdi.ici.c2324.practica3.grupo01.mspacman.MsPacManResult</ResultClassName>
	<ResultMappings>
		<Map>id</Map>
		<Map>score</Map>
		<Map>finalScore</Map>
		<Map>numReps</Map>
	</ResultMappings>
</TextFileConfiguration>