<TextFileConfiguration>
	<FilePath>not used</FilePath>
	<Delimiters>,</Delimiters>
	<DescriptionClassName>es.ucm.fdi.ici.c2324.practica3.grupo01.ghosts.GhostDescription</DescriptionClassName>
	<DescriptionMappings>
		<Map>id</Map>
		<Map>mspacmanLives</Map>
		<Map>mspacmanDistance</Map>
		<Map>score</Map>
		<Map>time</Map>	
		<Map>edibleTime</Map>			
		<Map>mspacmanToPPill</Map>
		<Map>upVector</Map>
		<Map>downVector</Map>
		<Map>rightVector</Map>
		<Map>leftVector</Map>
	</DescriptionMappings>
	<SolutionClassName>es.ucm.fdi.ici.c2324.practica3.grupo01.ghosts.GhostSolution</SolutionClassName>
	<SolutionMappings>
		<Map>id</Map>
		<Map>action</Map>
	</SolutionMappings>
	<ResultClassName>es.ucm.fdi.ici.c2324.practica3.grupo01.ghosts.GhostResult</ResultClassName>
	<ResultMappings>
		<Map>id</Map>
		<Map>score</Map>
		<Map>numReps</Map>
	</ResultMappings>
</TextFileConfiguration>